Transaction_ID,Date,Time,Amount,Description,Merchant,Category
TX0001,2024-04-03,20:57:00,8.53,Lunch meal,McDonalds,Food & Beverage
TX0002,2024-08-11,15:39:00,228.41,Electricity bill,Local Utility,Bills
TX0003,2024-10-25,18:49:00,109.65,Grocery store purchase,Target,Groceries
TX0004,2024-04-04,15:06:00,23.62,Taxi service,Uber,Transportation
TX0005,2025-03-26,22:38:00,24.74,Taxi service,Local Transit,Transportation
TX0006,2025-03-28,12:13:00,186.46,Pharmacy purchase,Local Clinic,Healthcare
TX0007,2025-01-12,12:57:00,41.06,Bulk food items,Walmart,Groceries
TX0008,2024-12-30,22:56:00,86.81,Supermarket shopping,Costco,Groceries
TX0009,2024-08-21,12:04:00,22.81,Dinner at restaurant,McDonalds,Food & Beverage
TX0010,2025-01-05,08:07:00,53.44,Movie tickets,Spotify,Entertainment
TX0011,2025-02-06,18:18:00,27.97,Lunch meal,Dunkin,Food & Beverage
TX0012,2025-03-08,12:28:00,10.84,Dinner at restaurant,McDonalds,Food & Beverage
TX0013,2024-05-07,08:16:00,34.11,Bus ticket,Uber,Transportation
TX0014,2025-03-06,15:17:00,74.54,Concert tickets,Netflix,Entertainment
TX0015,2025-03-07,08:13:00,16.53,Taxi service,Lyft,Transportation
TX0016,2024-12-21,20:33:00,126.4,Supermarket shopping,Target,Groceries
TX0017,2024-11-03,12:56:00,35.24,Taxi service,Lyft,Transportation
TX0018,2024-11-15,20:45:00,279.27,Health supplement,CVS Pharmacy,Healthcare
TX0019,2024-07-03,20:36:00,5.81,Dinner at restaurant,Subway,Food & Beverage
TX0020,2025-03-03,12:56:00,17.48,Lunch meal,McDonalds,Food & Beverage
TX0021,2024-07-11,18:30:00,26.46,Coffee purchase,Subway,Food & Beverage
TX0022,2025-03-18,18:26:00,996.67,Internet bill,Local Utility,Bills
TX0023,2025-03-03,22:18:00,11.59,Coffee purchase,Starbucks,Food & Beverage
TX0024,2024-07-17,15:34:00,110.78,Pharmacy purchase,Walgreens,Healthcare
TX0025,2025-01-13,12:55:00,41.37,Movie tickets,AMC Theatres,Entertainment
TX0026,2024-04-13,12:02:00,159.05,Monthly bill payment,Local Utility,Bills
TX0027,2024-10-01,18:25:00,99.62,Streaming subscription,AMC Theatres,Entertainment
TX0028,2024-08-16,12:40:00,80.14,Concert tickets,AMC Theatres,Entertainment
TX0029,2024-12-31,18:41:00,84.62,Movie tickets,Netflix,Entertainment
TX0030,2024-06-04,20:29:00,159.11,Internet bill,Local Utility,Bills
TX0031,2024-05-05,12:20:00,780.38,Monthly bill payment,Local Utility,Bills
TX0032,2024-12-04,18:55:00,178.43,Pharmacy purchase,Local Clinic,Healthcare
TX0033,2025-01-27,12:02:00,134.29,Supermarket shopping,Costco,Groceries
TX0034,2025-03-09,18:47:00,429.9,Pharmacy purchase,Local Clinic,Healthcare
TX0035,2025-02-22,20:07:00,20.3,Taxi service,Lyft,Transportation
TX0036,2024-08-17,18:03:00,30.45,Bus ticket,Uber,Transportation
TX0037,2024-08-09,20:15:00,124.99,Internet bill,Mobile Carrier,Bills
TX0038,2024-10-20,20:41:00,51.91,Movie tickets,AMC Theatres,Entertainment
TX0039,2025-01-17,18:37:00,24.82,Dinner at restaurant,McDonalds,Food & Beverage
TX0040,2024-09-05,18:51:00,360.81,Pharmacy purchase,Walgreens,Healthcare
TX0041,2024-08-19,18:14:00,122.79,Electricity bill,Mobile Carrier,Bills
TX0042,2024-07-23,22:29:00,29.05,Taxi service,Local Transit,Transportation
TX0043,2024-11-19,18:36:00,117.31,Bulk food items,Costco,Groceries
TX0044,2024-06-14,15:21:00,22.37,Lunch meal,Dunkin,Food & Beverage
TX0045,2024-07-22,12:12:00,27.21,Bus ticket,Uber,Transportation
TX0046,2024-07-12,18:20:00,205.5,Health supplement,Local Clinic,Healthcare
TX0047,2024-09-17,20:59:00,170.44,Monthly bill payment,Internet Provider,Bills
TX0048,2024-04-17,20:26:00,302.71,Health supplement,CVS Pharmacy,Healthcare
TX0049,2024-05-16,18:22:00,22.35,Lunch meal,Starbucks,Food & Beverage
TX0050,2024-05-24,20:33:00,52.5,Concert tickets,AMC Theatres,Entertainment
TX0051,2024-09-18,12:57:00,285.7,Internet bill,Mobile Carrier,Bills
TX0052,2024-09-30,18:40:00,90.82,Electricity bill,Mobile Carrier,Bills
TX0053,2024-05-05,22:55:00,223.69,Bulk food items,Target,Groceries
TX0054,2024-10-28,18:14:00,257.1,Internet bill,Mobile Carrier,Bills
TX0055,2024-06-29,12:48:00,490.39,Pharmacy purchase,Walgreens,Healthcare
TX0056,2024-11-05,08:57:00,40.42,Movie tickets,Netflix,Entertainment
TX0057,2024-06-15,20:41:00,15.91,Dinner at restaurant,Dunkin,Food & Beverage
TX0058,2024-08-31,12:15:00,13.98,Taxi service,Uber,Transportation
TX0059,2024-04-19,12:30:00,55.83,Monthly bill payment,Mobile Carrier,Bills
TX0060,2025-01-23,15:14:00,343.61,Pharmacy purchase,Local Clinic,Healthcare
TX0061,2024-12-20,12:24:00,17.52,Dinner at restaurant,Dunkin,Food & Beverage
TX0062,2025-01-16,18:50:00,50.76,Bulk food items,Target,Groceries
TX0063,2025-03-19,20:40:00,180.34,Supermarket shopping,Target,Groceries
TX0064,2025-01-27,20:34:00,10.2,Coffee purchase,Starbucks,Food & Beverage
TX0065,2024-12-27,22:54:00,366.22,Health supplement,Walgreens,Healthcare
TX0066,2024-04-06,22:04:00,19.73,Concert tickets,AMC Theatres,Entertainment
TX0067,2024-10-21,20:59:00,7.56,Lunch meal,McDonalds,Food & Beverage
TX0068,2024-08-12,18:51:00,235.38,Monthly bill payment,Local Utility,Bills
TX0069,2024-06-15,22:50:00,98.47,Internet bill,Internet Provider,Bills
TX0070,2024-07-01,12:57:00,25.57,Coffee purchase,McDonalds,Food & Beverage
TX0071,2025-03-20,15:01:00,70.63,Movie tickets,Spotify,Entertainment
TX0072,2025-02-14,20:33:00,98.87,Doctor appointment fee,Walgreens,Healthcare
TX0073,2024-07-03,12:22:00,19.45,Ride fare,Local Transit,Transportation
TX0074,2025-03-08,20:57:00,40.62,Streaming subscription,AMC Theatres,Entertainment
TX0075,2025-02-05,20:11:00,78.46,Health supplement,Local Clinic,Healthcare
TX0076,2024-09-29,20:50:00,85.95,Streaming subscription,AMC Theatres,Entertainment
TX0077,2025-01-24,12:40:00,155.22,Grocery store purchase,Costco,Groceries
TX0078,2024-06-21,18:07:00,38.74,Bus ticket,Local Transit,Transportation
TX0079,2024-09-21,22:14:00,44.88,Bus ticket,Lyft,Transportation
TX0080,2024-09-18,18:19:00,29.48,Coffee purchase,Subway,Food & Beverage
TX0081,2024-07-05,20:33:00,134.21,Electricity bill,Mobile Carrier,Bills
TX0082,2025-01-31,08:02:00,1367.85,Doctor appointment fee,Walgreens,Healthcare
TX0083,2024-05-17,20:39:00,21.75,Lunch meal,Subway,Food & Beverage
TX0084,2024-10-19,22:50:00,28.63,Dinner at restaurant,Subway,Food & Beverage
TX0085,2024-07-03,12:49:00,377.21,Health supplement,Walgreens,Healthcare
TX0086,2025-02-08,15:02:00,24.6,Coffee purchase,Dunkin,Food & Beverage
TX0087,2024-11-17,15:58:00,48.66,Ride fare,Lyft,Transportation
TX0088,2025-02-03,20:18:00,24.12,Coffee purchase,Starbucks,Food & Beverage
TX0089,2025-03-24,18:13:00,150.35,Internet bill,Local Utility,Bills
TX0090,2025-01-02,15:42:00,94.05,Pharmacy purchase,CVS Pharmacy,Healthcare
TX0091,2025-02-12,18:17:00,20.31,Taxi service,Uber,Transportation
TX0092,2024-08-19,18:39:00,31.93,Streaming subscription,AMC Theatres,Entertainment
TX0093,2024-06-25,18:04:00,82.14,Doctor appointment fee,Walgreens,Healthcare
TX0094,2024-11-05,08:28:00,11.41,Ride fare,Lyft,Transportation
TX0095,2025-02-05,18:47:00,8.23,Lunch meal,Dunkin,Food & Beverage
TX0096,2024-05-15,18:43:00,104.49,Electricity bill,Local Utility,Bills
TX0097,2025-01-10,15:52:00,12.08,Ride fare,Uber,Transportation
TX0098,2024-10-15,08:36:00,329.07,Doctor appointment fee,Walgreens,Healthcare
TX0099,2025-03-30,20:39:00,55.29,Streaming subscription,Spotify,Entertainment
TX0100,2024-03-29,20:07:00,116.43,Bulk food items,Costco,Groceries
TX0101,2024-12-06,18:03:00,119.45,Doctor appointment fee,CVS Pharmacy,Healthcare
TX0102,2024-09-19,12:23:00,37.38,Concert tickets,Spotify,Entertainment
TX0103,2025-02-07,18:07:00,30.61,Bulk food items,Costco,Groceries
TX0104,2024-12-07,22:42:00,24.91,Dinner at restaurant,Subway,Food & Beverage
TX0105,2024-12-01,18:11:00,222.6,Monthly bill payment,Mobile Carrier,Bills
TX0106,2025-01-21,15:35:00,43.55,Bulk food items,Walmart,Groceries
TX0107,2024-10-10,18:09:00,467.83,Health supplement,Local Clinic,Healthcare
TX0108,2024-04-12,12:58:00,28.23,Streaming subscription,Spotify,Entertainment
TX0109,2024-07-13,12:16:00,16.35,Ride fare,Uber,Transportation
TX0110,2024-07-17,18:17:00,31.16,Bus ticket,Lyft,Transportation
TX0111,2024-12-03,18:07:00,104.61,Lunch meal,Starbucks,Food & Beverage
TX0112,2024-06-24,20:28:00,158.1,Bulk food items,Target,Groceries
TX0113,2025-03-18,15:57:00,56.98,Movie tickets,Netflix,Entertainment
TX0114,2024-09-16,20:53:00,161.25,Bulk food items,Costco,Groceries
TX0115,2024-04-04,20:14:00,273.5,Health supplement,Local Clinic,Healthcare
TX0116,2025-02-10,20:14:00,14.85,Lunch meal,Dunkin,Food & Beverage
TX0117,2024-06-27,22:48:00,81.18,Concert tickets,AMC Theatres,Entertainment
TX0118,2024-04-12,18:19:00,22.61,Ride fare,Local Transit,Transportation
TX0119,2024-07-31,20:44:00,15.32,Lunch meal,McDonalds,Food & Beverage
TX0120,2024-11-04,15:02:00,186.28,Supermarket shopping,Walmart,Groceries
TX0121,2024-05-11,20:30:00,40.05,Ride fare,Local Transit,Transportation
TX0122,2024-07-26,12:06:00,24.29,Bus ticket,Lyft,Transportation
TX0123,2025-03-22,20:51:00,135.64,Internet bill,Mobile Carrier,Bills
TX0124,2024-09-13,22:54:00,114.09,Grocery store purchase,Walmart,Groceries
TX0125,2024-04-27,20:52:00,29.56,Lunch meal,Subway,Food & Beverage
TX0126,2024-11-24,15:47:00,61.23,Pharmacy purchase,Walgreens,Healthcare
TX0127,2024-04-01,20:19:00,14.39,Bus ticket,Uber,Transportation
TX0128,2024-07-25,18:44:00,251.81,Internet bill,Internet Provider,Bills
TX0129,2025-03-11,15:33:00,237.3,Internet bill,Mobile Carrier,Bills
TX0130,2024-06-09,18:43:00,373.24,Internet bill,Internet Provider,Bills
TX0131,2024-12-28,20:54:00,163.91,Electricity bill,Local Utility,Bills
TX0132,2024-05-15,15:39:00,49.34,Movie tickets,Netflix,Entertainment
TX0133,2025-02-03,18:47:00,272.25,Electricity bill,Local Utility,Bills
TX0134,2025-03-06,20:15:00,199.9,Health supplement,CVS Pharmacy,Healthcare
TX0135,2024-10-31,20:07:00,21.34,Ride fare,Lyft,Transportation
TX0136,2025-02-04,12:31:00,124.94,Supermarket shopping,Target,Groceries
TX0137,2024-04-03,20:17:00,82.74,Supermarket shopping,Target,Groceries
TX0138,2024-09-17,12:53:00,78.09,Monthly bill payment,Local Utility,Bills
TX0139,2024-07-09,12:04:00,184.59,Bulk food items,Costco,Groceries
TX0140,2024-07-08,15:03:00,90.57,Supermarket shopping,Target,Groceries
TX0141,2025-03-21,20:46:00,19.63,Coffee purchase,Starbucks,Food & Beverage
TX0142,2024-09-26,18:59:00,479.64,Doctor appointment fee,Walgreens,Healthcare
TX0143,2025-01-29,22:33:00,49.44,Bus ticket,Local Transit,Transportation
TX0144,2024-06-12,15:41:00,46.23,Grocery store purchase,Target,Groceries
TX0145,2024-04-08,20:40:00,178.92,Supermarket shopping,Costco,Groceries
TX0146,2024-04-03,20:01:00,7.13,Dinner at restaurant,Starbucks,Food & Beverage
TX0147,2024-12-30,22:26:00,170.85,Bulk food items,Costco,Groceries
TX0148,2024-12-25,20:18:00,7.83,Coffee purchase,McDonalds,Food & Beverage
TX0149,2024-05-23,15:55:00,11.95,Dinner at restaurant,Subway,Food & Beverage
TX0150,2024-09-09,18:44:00,23.73,Streaming subscription,Spotify,Entertainment
TX0151,2024-07-01,22:24:00,157.74,Electricity bill,Mobile Carrier,Bills
TX0152,2024-04-23,22:56:00,155.03,Supermarket shopping,Costco,Groceries
TX0153,2024-10-28,12:42:00,78.55,Streaming subscription,Netflix,Entertainment
TX0154,2024-05-09,15:47:00,445.05,Doctor appointment fee,Local Clinic,Healthcare
TX0155,2024-09-29,22:37:00,105.1,Streaming subscription,AMC Theatres,Entertainment
TX0156,2024-03-31,15:01:00,49.6,Ride fare,Uber,Transportation
TX0157,2024-07-05,22:25:00,42.64,Ride fare,Local Transit,Transportation
TX0158,2024-08-26,12:46:00,11.45,Movie tickets,Spotify,Entertainment
TX0159,2024-11-27,18:42:00,34.92,Taxi service,Local Transit,Transportation
TX0160,2024-10-29,12:30:00,75.76,Streaming subscription,AMC Theatres,Entertainment
TX0161,2025-02-27,08:02:00,78.81,Movie tickets,Spotify,Entertainment
TX0162,2024-12-01,22:01:00,65.58,Concert tickets,Netflix,Entertainment
TX0163,2024-12-02,18:58:00,478.51,Health supplement,Local Clinic,Healthcare
TX0164,2024-09-04,20:18:00,42.59,Bus ticket,Lyft,Transportation
TX0165,2025-01-24,18:35:00,103.53,Bulk food items,Target,Groceries
TX0166,2024-06-20,20:44:00,24.85,Ride fare,Lyft,Transportation
TX0167,2024-12-28,08:23:00,130.94,Internet bill,Mobile Carrier,Bills
TX0168,2025-01-06,12:53:00,29.91,Dinner at restaurant,Dunkin,Food & Beverage
TX0169,2025-03-10,18:30:00,380.67,Health supplement,CVS Pharmacy,Healthcare
TX0170,2025-01-13,18:57:00,8.73,Taxi service,Uber,Transportation
TX0171,2025-01-22,08:33:00,370.46,Doctor appointment fee,CVS Pharmacy,Healthcare
TX0172,2024-09-25,20:58:00,187.85,Grocery store purchase,Walmart,Groceries
TX0173,2025-01-08,15:06:00,20.74,Ride fare,Local Transit,Transportation
TX0174,2024-08-23,18:25:00,463.7,Doctor appointment fee,CVS Pharmacy,Healthcare
TX0175,2024-07-28,12:13:00,57.43,Bulk food items,Costco,Groceries
TX0176,2025-02-26,15:29:00,243.49,Health supplement,CVS Pharmacy,Healthcare
TX0177,2025-02-25,22:51:00,17.27,Ride fare,Lyft,Transportation
TX0178,2025-02-11,20:29:00,50.99,Monthly bill payment,Mobile Carrier,Bills
TX0179,2025-01-15,18:43:00,39.77,Bus ticket,Lyft,Transportation
TX0180,2024-04-10,20:26:00,163.61,Grocery store purchase,Costco,Groceries
TX0181,2024-09-24,20:52:00,28.24,Taxi service,Uber,Transportation
TX0182,2024-07-25,18:49:00,138.54,Internet bill,Internet Provider,Bills
TX0183,2024-07-03,18:09:00,16.41,Taxi service,Lyft,Transportation
TX0184,2024-05-18,12:23:00,63.98,Bus ticket,Lyft,Transportation
TX0185,2024-09-01,12:26:00,84.3,Movie tickets,Netflix,Entertainment
TX0186,2024-11-22,12:11:00,149.4,Supermarket shopping,Walmart,Groceries
TX0187,2025-01-24,12:02:00,12.54,Taxi service,Uber,Transportation
TX0188,2024-11-04,20:07:00,10.42,Lunch meal,McDonalds,Food & Beverage
TX0189,2024-07-18,20:58:00,604.5,Monthly bill payment,Internet Provider,Bills
TX0190,2024-06-28,15:06:00,204.58,Health supplement,Walgreens,Healthcare
TX0191,2025-03-15,18:40:00,314.7,Health supplement,CVS Pharmacy,Healthcare
TX0192,2024-07-21,18:44:00,318.54,Monthly bill payment,Local Utility,Bills
TX0193,2025-01-14,20:43:00,18.1,Coffee purchase,Dunkin,Food & Beverage
TX0194,2025-01-29,20:14:00,49.59,Bus ticket,Uber,Transportation
TX0195,2024-07-13,18:09:00,51.96,Bus ticket,Uber,Transportation
TX0196,2025-02-27,15:29:00,53.42,Internet bill,Local Utility,Bills
TX0197,2024-06-25,22:14:00,11.05,Dinner at restaurant,Dunkin,Food & Beverage
TX0198,2025-03-29,20:14:00,27.26,Ride fare,Lyft,Transportation
TX0199,2025-03-07,20:13:00,73.24,Monthly bill payment,Local Utility,Bills
TX0200,2024-09-24,20:55:00,177.86,Internet bill,Mobile Carrier,Bills
TX0201,2024-11-24,12:10:00,32.06,Bus ticket,Lyft,Transportation
TX0202,2024-12-11,20:59:00,429.5,Health supplement,Local Clinic,Healthcare
TX0203,2024-06-06,20:43:00,75.72,Health supplement,CVS Pharmacy,Healthcare
TX0204,2024-10-28,08:03:00,135.28,Internet bill,Mobile Carrier,Bills
TX0205,2024-04-20,20:25:00,13.37,Bus ticket,Uber,Transportation
TX0206,2024-05-29,20:06:00,123.97,Bulk food items,Walmart,Groceries
TX0207,2025-02-26,20:37:00,10.69,Dinner at restaurant,Subway,Food & Beverage
TX0208,2024-05-01,18:52:00,152.92,Pharmacy purchase,Local Clinic,Healthcare
TX0209,2024-11-22,08:22:00,71.72,Internet bill,Mobile Carrier,Bills
TX0210,2024-10-09,15:32:00,54.2,Internet bill,Local Utility,Bills
TX0211,2024-04-06,08:38:00,127.93,Internet bill,Internet Provider,Bills
TX0212,2024-12-31,15:10:00,6.46,Dinner at restaurant,Dunkin,Food & Beverage
TX0213,2024-05-06,20:28:00,13.8,Dinner at restaurant,Subway,Food & Beverage
TX0214,2024-06-20,18:35:00,34.69,Bus ticket,Uber,Transportation
TX0215,2024-10-20,12:14:00,41.55,Taxi service,Uber,Transportation
TX0216,2024-04-29,12:02:00,51.58,Monthly bill payment,Internet Provider,Bills
TX0217,2024-08-03,18:26:00,148.62,Supermarket shopping,Target,Groceries
TX0218,2025-01-01,15:02:00,411.43,Health supplement,Walgreens,Healthcare
TX0219,2024-10-19,22:31:00,12.72,Lunch meal,Dunkin,Food & Beverage
TX0220,2025-01-17,12:44:00,66.49,Concert tickets,AMC Theatres,Entertainment
TX0221,2024-08-07,20:58:00,67.7,Movie tickets,Netflix,Entertainment
TX0222,2024-06-10,20:02:00,432.35,Health supplement,Local Clinic,Healthcare
TX0223,2025-02-20,18:22:00,296.46,Electricity bill,Local Utility,Bills
TX0224,2025-02-01,18:15:00,188.96,Supermarket shopping,Target,Groceries
TX0225,2024-04-08,15:48:00,189.09,Bulk food items,Target,Groceries
TX0226,2024-04-02,12:15:00,399.74,Health supplement,Walgreens,Healthcare
TX0227,2024-04-13,15:26:00,197.13,Internet bill,Internet Provider,Bills
TX0228,2024-07-26,20:08:00,6.31,Lunch meal,Starbucks,Food & Beverage
TX0229,2024-11-19,12:58:00,57.58,Doctor appointment fee,CVS Pharmacy,Healthcare
TX0230,2025-03-26,12:53:00,99.24,Monthly bill payment,Mobile Carrier,Bills
TX0231,2025-02-15,12:03:00,32.25,Coffee purchase,Subway,Food & Beverage
TX0232,2024-08-09,22:18:00,16.82,Coffee purchase,McDonalds,Food & Beverage
TX0233,2025-03-14,18:29:00,379.85,Doctor appointment fee,Local Clinic,Healthcare
TX0234,2024-04-30,18:24:00,149.69,Internet bill,Mobile Carrier,Bills
TX0235,2024-05-30,20:48:00,34.02,Taxi service,Local Transit,Transportation
TX0236,2024-12-10,18:08:00,55.96,Streaming subscription,Spotify,Entertainment
TX0237,2024-11-05,20:23:00,192.03,Monthly bill payment,Local Utility,Bills
TX0238,2025-02-08,15:55:00,50.48,Streaming subscription,AMC Theatres,Entertainment
TX0239,2024-07-26,12:29:00,28.22,Lunch meal,Dunkin,Food & Beverage
TX0240,2024-05-30,20:14:00,136.1,Health supplement,Local Clinic,Healthcare
TX0241,2024-08-15,12:28:00,445.5,Doctor appointment fee,Walgreens,Healthcare
TX0242,2024-05-18,15:07:00,170.85,Monthly bill payment,Mobile Carrier,Bills
TX0243,2025-02-07,15:11:00,42.07,Streaming subscription,Spotify,Entertainment
TX0244,2025-03-27,08:31:00,81.14,Bulk food items,Walmart,Groceries
TX0245,2025-03-20,18:11:00,29.63,Taxi service,Uber,Transportation
TX0246,2024-06-07,20:57:00,112.78,Health supplement,Walgreens,Healthcare
TX0247,2025-02-13,12:02:00,294.81,Doctor appointment fee,Local Clinic,Healthcare
TX0248,2024-05-07,22:46:00,13.66,Lunch meal,Starbucks,Food & Beverage
TX0249,2024-05-09,20:30:00,157.67,Bulk food items,Target,Groceries
TX0250,2024-10-15,08:27:00,1121.79,Electricity bill,Internet Provider,Bills
TX0251,2024-10-29,20:40:00,8.55,Coffee purchase,McDonalds,Food & Beverage
TX0252,2025-01-26,22:20:00,26.72,Bulk food items,Walmart,Groceries
TX0253,2024-06-12,12:26:00,41.38,Supermarket shopping,Target,Groceries
TX0254,2025-02-22,20:30:00,96.61,Grocery store purchase,Target,Groceries
TX0255,2024-11-30,20:43:00,113.14,Supermarket shopping,Costco,Groceries
TX0256,2025-03-21,18:39:00,133.97,Supermarket shopping,Walmart,Groceries
TX0257,2024-09-17,08:43:00,146.34,Bulk food items,Costco,Groceries
TX0258,2024-06-27,18:57:00,50.47,Dinner at restaurant,Starbucks,Food & Beverage
TX0259,2025-02-16,22:11:00,138.38,Electricity bill,Internet Provider,Bills
TX0260,2025-03-20,08:52:00,38.02,Movie tickets,Spotify,Entertainment
TX0261,2024-11-23,08:07:00,25.53,Dinner at restaurant,Starbucks,Food & Beverage
TX0262,2025-01-12,20:39:00,65.85,Taxi service,Uber,Transportation
TX0263,2024-09-07,20:12:00,140.52,Streaming subscription,Netflix,Entertainment
TX0264,2025-02-27,08:25:00,47.0,Supermarket shopping,Costco,Groceries
TX0265,2024-05-22,20:57:00,43.17,Concert tickets,Netflix,Entertainment
TX0266,2024-10-22,08:38:00,267.79,Internet bill,Local Utility,Bills
TX0267,2024-04-16,20:59:00,21.05,Dinner at restaurant,McDonalds,Food & Beverage
TX0268,2024-11-03,20:29:00,45.04,Streaming subscription,AMC Theatres,Entertainment
TX0269,2024-08-07,12:32:00,179.98,Electricity bill,Internet Provider,Bills
TX0270,2024-08-26,08:48:00,191.74,Supermarket shopping,Walmart,Groceries
TX0271,2024-09-11,22:40:00,159.58,Pharmacy purchase,Walgreens,Healthcare
TX0272,2025-01-22,20:04:00,94.94,Grocery store purchase,Walmart,Groceries
TX0273,2024-09-19,18:06:00,94.58,Movie tickets,AMC Theatres,Entertainment
TX0274,2025-03-10,20:02:00,275.9,Internet bill,Internet Provider,Bills
TX0275,2024-12-19,18:36:00,113.72,Internet bill,Mobile Carrier,Bills
TX0276,2024-05-18,20:33:00,30.71,Lunch meal,Starbucks,Food & Beverage
TX0277,2025-02-09,15:39:00,49.05,Taxi service,Lyft,Transportation
TX0278,2024-12-12,20:16:00,233.93,Doctor appointment fee,CVS Pharmacy,Healthcare
TX0279,2025-02-23,20:50:00,24.69,Movie tickets,Netflix,Entertainment
TX0280,2025-01-08,15:27:00,45.9,Bulk food items,Walmart,Groceries
TX0281,2024-04-12,18:13:00,95.84,Streaming subscription,Spotify,Entertainment
TX0282,2024-12-02,18:04:00,140.97,Supermarket shopping,Walmart,Groceries
TX0283,2024-05-24,12:44:00,10.34,Coffee purchase,Dunkin,Food & Beverage
TX0284,2024-07-12,20:37:00,8.01,Coffee purchase,Subway,Food & Beverage
TX0285,2024-04-19,18:21:00,243.84,Electricity bill,Local Utility,Bills
TX0286,2024-09-27,18:26:00,8.56,Lunch meal,Dunkin,Food & Beverage
TX0287,2024-11-19,20:26:00,160.24,Supermarket shopping,Walmart,Groceries
TX0288,2025-03-24,18:55:00,88.7,Grocery store purchase,Target,Groceries
TX0289,2024-04-02,20:45:00,28.58,Lunch meal,McDonalds,Food & Beverage
TX0290,2024-09-20,18:45:00,49.93,Taxi service,Lyft,Transportation
TX0291,2024-04-03,20:26:00,442.52,Doctor appointment fee,CVS Pharmacy,Healthcare
TX0292,2024-07-14,18:05:00,123.63,Electricity bill,Local Utility,Bills
TX0293,2024-04-06,08:32:00,68.08,Taxi service,Lyft,Transportation
TX0294,2024-07-16,20:36:00,24.72,Taxi service,Local Transit,Transportation
TX0295,2024-11-28,18:54:00,87.74,Bulk food items,Walmart,Groceries
TX0296,2024-10-05,15:07:00,69.76,Taxi service,Lyft,Transportation
TX0297,2024-06-01,18:58:00,136.07,Grocery store purchase,Target,Groceries
TX0298,2024-06-29,18:33:00,82.98,Supermarket shopping,Walmart,Groceries
TX0299,2024-05-13,22:34:00,192.94,Health supplement,CVS Pharmacy,Healthcare
TX0300,2024-05-04,22:24:00,405.75,Monthly bill payment,Mobile Carrier,Bills
TX0301,2025-02-11,12:37:00,120.18,Supermarket shopping,Target,Groceries
TX0302,2025-01-14,18:25:00,98.88,Movie tickets,Netflix,Entertainment
TX0303,2024-07-11,08:43:00,179.26,Supermarket shopping,Target,Groceries
TX0304,2025-01-11,15:48:00,400.86,Health supplement,CVS Pharmacy,Healthcare
TX0305,2024-10-16,20:18:00,45.57,Taxi service,Local Transit,Transportation
TX0306,2025-01-18,18:22:00,65.01,Streaming subscription,Netflix,Entertainment
TX0307,2025-03-12,22:05:00,86.22,Movie tickets,Netflix,Entertainment
TX0308,2024-05-28,20:31:00,29.36,Ride fare,Uber,Transportation
TX0309,2025-03-14,18:47:00,101.36,Internet bill,Internet Provider,Bills
TX0310,2024-06-12,12:37:00,126.5,Bulk food items,Target,Groceries
TX0311,2024-09-19,18:38:00,7.09,Bus ticket,Local Transit,Transportation
TX0312,2025-03-21,18:17:00,37.52,Movie tickets,Spotify,Entertainment
TX0313,2024-06-30,12:02:00,410.83,Electricity bill,Local Utility,Bills
TX0314,2025-02-15,22:52:00,37.64,Bus ticket,Uber,Transportation
TX0315,2024-12-26,22:01:00,7.2,Ride fare,Local Transit,Transportation
TX0316,2024-08-15,22:20:00,466.2,Health supplement,CVS Pharmacy,Healthcare
TX0317,2025-02-01,08:21:00,15.47,Concert tickets,Spotify,Entertainment
TX0318,2024-09-02,08:12:00,14.5,Ride fare,Lyft,Transportation
TX0319,2025-02-11,18:14:00,48.25,Movie tickets,Spotify,Entertainment
TX0320,2025-01-08,08:51:00,151.47,Internet bill,Mobile Carrier,Bills
TX0321,2024-05-06,15:02:00,54.37,Streaming subscription,AMC Theatres,Entertainment
TX0322,2024-06-12,18:25:00,50.42,Concert tickets,Netflix,Entertainment
TX0323,2024-04-12,12:14:00,98.53,Electricity bill,Mobile Carrier,Bills
TX0324,2025-01-11,22:51:00,27.51,Lunch meal,McDonalds,Food & Beverage
TX0325,2024-09-27,18:24:00,236.26,Doctor appointment fee,Walgreens,Healthcare
TX0326,2024-11-25,20:02:00,262.66,Monthly bill payment,Mobile Carrier,Bills
TX0327,2024-07-29,12:59:00,19.22,Dinner at restaurant,McDonalds,Food & Beverage
TX0328,2024-04-14,15:21:00,118.39,Monthly bill payment,Internet Provider,Bills
TX0329,2025-03-10,15:28:00,98.96,Concert tickets,Spotify,Entertainment
TX0330,2024-08-01,22:26:00,133.59,Electricity bill,Internet Provider,Bills
TX0331,2024-10-24,22:31:00,18.81,Ride fare,Lyft,Transportation
TX0332,2024-05-16,18:23:00,52.2,Supermarket shopping,Walmart,Groceries
TX0333,2024-06-15,22:33:00,130.7,Supermarket shopping,Walmart,Groceries
TX0334,2025-03-05,18:29:00,155.4,Monthly bill payment,Local Utility,Bills
TX0335,2024-06-08,20:27:00,26.41,Bus ticket,Uber,Transportation
TX0336,2025-01-22,20:10:00,99.06,Movie tickets,Spotify,Entertainment
TX0337,2024-07-14,12:52:00,15.58,Taxi service,Local Transit,Transportation
TX0338,2024-09-08,20:11:00,90.15,Concert tickets,Spotify,Entertainment
TX0339,2024-12-22,20:28:00,9.76,Ride fare,Local Transit,Transportation
TX0340,2024-07-22,12:05:00,251.84,Internet bill,Mobile Carrier,Bills
TX0341,2024-08-21,12:50:00,1220.46,Doctor appointment fee,CVS Pharmacy,Healthcare
TX0342,2024-08-24,20:29:00,64.16,Bus ticket,Local Transit,Transportation
TX0343,2024-07-09,18:05:00,22.4,Dinner at restaurant,McDonalds,Food & Beverage
TX0344,2025-02-03,15:22:00,42.94,Movie tickets,AMC Theatres,Entertainment
TX0345,2024-10-27,20:26:00,463.01,Pharmacy purchase,CVS Pharmacy,Healthcare
TX0346,2024-07-09,20:06:00,97.45,Pharmacy purchase,Local Clinic,Healthcare
TX0347,2024-06-19,20:31:00,83.77,Bulk food items,Costco,Groceries
TX0348,2024-04-01,15:38:00,54.89,Movie tickets,AMC Theatres,Entertainment
TX0349,2024-08-07,12:42:00,7.87,Taxi service,Local Transit,Transportation
TX0350,2025-03-11,18:49:00,9.06,Taxi service,Uber,Transportation
TX0351,2025-03-14,12:40:00,83.98,Movie tickets,Spotify,Entertainment
TX0352,2025-02-13,22:42:00,20.88,Dinner at restaurant,Starbucks,Food & Beverage
TX0353,2024-09-10,20:28:00,26.38,Lunch meal,Dunkin,Food & Beverage
TX0354,2024-09-27,12:08:00,30.12,Concert tickets,Spotify,Entertainment
TX0355,2024-06-04,12:23:00,60.04,Internet bill,Internet Provider,Bills
TX0356,2025-01-07,18:58:00,76.85,Supermarket shopping,Walmart,Groceries
TX0357,2024-09-22,20:26:00,46.89,Bus ticket,Local Transit,Transportation
TX0358,2024-05-01,18:26:00,164.52,Grocery store purchase,Walmart,Groceries
TX0359,2024-07-12,12:08:00,36.88,Streaming subscription,Spotify,Entertainment
TX0360,2024-04-24,22:19:00,68.19,Streaming subscription,Netflix,Entertainment
TX0361,2024-09-28,12:16:00,18.7,Ride fare,Lyft,Transportation
TX0362,2024-09-12,20:18:00,252.13,Internet bill,Internet Provider,Bills
TX0363,2025-01-16,18:01:00,135.02,Bulk food items,Target,Groceries
TX0364,2024-07-30,20:04:00,17.56,Lunch meal,Dunkin,Food & Beverage
TX0365,2024-06-04,08:38:00,21.83,Coffee purchase,McDonalds,Food & Beverage
TX0366,2024-07-28,22:29:00,42.36,Coffee purchase,Subway,Food & Beverage
TX0367,2024-07-07,18:05:00,67.99,Ride fare,Lyft,Transportation
TX0368,2024-10-16,22:05:00,19.89,Coffee purchase,McDonalds,Food & Beverage
TX0369,2025-02-28,20:36:00,10.73,Concert tickets,AMC Theatres,Entertainment
TX0370,2024-06-11,08:37:00,173.62,Bulk food items,Walmart,Groceries
TX0371,2025-03-29,08:32:00,37.2,Taxi service,Uber,Transportation
TX0372,2024-11-21,12:36:00,12.36,Movie tickets,Netflix,Entertainment
TX0373,2024-09-13,20:58:00,120.27,Health supplement,Local Clinic,Healthcare
TX0374,2024-05-05,18:48:00,217.78,Doctor appointment fee,Local Clinic,Healthcare
TX0375,2024-11-05,18:22:00,49.44,Bus ticket,Lyft,Transportation
TX0376,2024-06-30,20:52:00,16.84,Coffee purchase,Subway,Food & Beverage
TX0377,2025-03-18,20:17:00,316.44,Pharmacy purchase,Local Clinic,Healthcare
TX0378,2024-12-20,15:52:00,13.48,Coffee purchase,Subway,Food & Beverage
TX0379,2024-04-05,15:15:00,25.59,Dinner at restaurant,Subway,Food & Beverage
TX0380,2024-03-29,18:51:00,61.37,Monthly bill payment,Local Utility,Bills
TX0381,2024-06-28,18:34:00,12.27,Lunch meal,Dunkin,Food & Beverage
TX0382,2024-10-23,20:23:00,196.42,Monthly bill payment,Local Utility,Bills
TX0383,2024-04-12,18:10:00,35.01,Bulk food items,Costco,Groceries
TX0384,2024-06-08,20:29:00,25.19,Concert tickets,Netflix,Entertainment
TX0385,2025-03-26,22:07:00,184.41,Bulk food items,Target,Groceries
TX0386,2024-07-27,20:44:00,15.33,Movie tickets,Spotify,Entertainment
TX0387,2024-12-08,20:30:00,340.41,Monthly bill payment,Mobile Carrier,Bills
TX0388,2024-07-08,20:15:00,311.65,Health supplement,CVS Pharmacy,Healthcare
TX0389,2024-08-12,18:04:00,281.92,Doctor appointment fee,Walgreens,Healthcare
TX0390,2024-11-11,22:48:00,178.09,Monthly bill payment,Internet Provider,Bills
TX0391,2024-10-22,08:43:00,106.19,Bulk food items,Walmart,Groceries
TX0392,2025-01-15,22:42:00,150.89,Pharmacy purchase,Local Clinic,Healthcare
TX0393,2024-04-28,22:18:00,173.28,Grocery store purchase,Costco,Groceries
TX0394,2024-05-17,08:41:00,19.17,Taxi service,Lyft,Transportation
TX0395,2024-07-27,22:54:00,8.32,Dinner at restaurant,Starbucks,Food & Beverage
TX0396,2024-06-18,18:44:00,47.36,Taxi service,Local Transit,Transportation
TX0397,2024-08-26,20:24:00,210.35,Monthly bill payment,Local Utility,Bills
TX0398,2024-10-06,18:52:00,214.22,Bulk food items,Target,Groceries
TX0399,2024-11-26,20:07:00,29.01,Taxi service,Lyft,Transportation
TX0400,2024-12-24,20:38:00,29.47,Coffee purchase,Subway,Food & Beverage
TX0401,2024-07-09,18:13:00,65.97,Movie tickets,AMC Theatres,Entertainment
TX0402,2024-05-18,12:50:00,151.6,Pharmacy purchase,Local Clinic,Healthcare
TX0403,2025-01-16,18:37:00,149.87,Monthly bill payment,Mobile Carrier,Bills
TX0404,2025-01-27,18:19:00,276.16,Health supplement,CVS Pharmacy,Healthcare
TX0405,2024-04-17,20:49:00,48.16,Grocery store purchase,Walmart,Groceries
TX0406,2024-11-06,18:32:00,1068.98,Internet bill,Mobile Carrier,Bills
TX0407,2024-10-01,15:32:00,233.16,Monthly bill payment,Mobile Carrier,Bills
TX0408,2024-09-16,22:33:00,200.34,Internet bill,Local Utility,Bills
TX0409,2024-05-15,12:43:00,87.72,Dinner at restaurant,Dunkin,Food & Beverage
TX0410,2024-09-02,20:03:00,14.39,Ride fare,Lyft,Transportation
TX0411,2025-01-31,18:49:00,92.49,Movie tickets,Netflix,Entertainment
TX0412,2024-04-21,08:45:00,56.21,Movie tickets,Netflix,Entertainment
TX0413,2024-04-09,18:34:00,21.01,Bus ticket,Uber,Transportation
TX0414,2025-02-18,20:39:00,8.26,Taxi service,Local Transit,Transportation
TX0415,2024-08-25,20:36:00,80.24,Doctor appointment fee,Walgreens,Healthcare
TX0416,2025-02-04,18:17:00,77.9,Movie tickets,AMC Theatres,Entertainment
TX0417,2025-02-05,18:18:00,243.8,Electricity bill,Mobile Carrier,Bills
TX0418,2024-07-13,12:16:00,372.49,Electricity bill,Internet Provider,Bills
TX0419,2024-08-03,20:43:00,212.96,Grocery store purchase,Walmart,Groceries
TX0420,2024-04-17,12:43:00,427.56,Pharmacy purchase,Local Clinic,Healthcare
TX0421,2025-01-21,18:47:00,36.68,Concert tickets,AMC Theatres,Entertainment
TX0422,2024-09-05,20:13:00,55.3,Bulk food items,Target,Groceries
TX0423,2025-01-01,18:50:00,168.32,Internet bill,Mobile Carrier,Bills
TX0424,2024-08-06,18:35:00,79.74,Supermarket shopping,Target,Groceries
TX0425,2024-07-02,20:02:00,88.85,Concert tickets,AMC Theatres,Entertainment
TX0426,2024-12-11,12:31:00,58.24,Monthly bill payment,Local Utility,Bills
TX0427,2024-12-05,15:57:00,27.31,Coffee purchase,Starbucks,Food & Beverage
TX0428,2024-12-15,20:47:00,66.64,Concert tickets,Spotify,Entertainment
TX0429,2024-12-16,20:48:00,200.78,Monthly bill payment,Internet Provider,Bills
TX0430,2024-09-26,15:02:00,20.12,Coffee purchase,Starbucks,Food & Beverage
TX0431,2025-03-14,22:58:00,160.0,Supermarket shopping,Costco,Groceries
TX0432,2024-11-25,12:10:00,22.84,Lunch meal,Starbucks,Food & Beverage
TX0433,2024-09-01,20:41:00,435.97,Pharmacy purchase,CVS Pharmacy,Healthcare
TX0434,2025-01-05,22:15:00,68.18,Internet bill,Local Utility,Bills
TX0435,2024-09-13,22:29:00,283.91,Monthly bill payment,Local Utility,Bills
TX0436,2025-03-30,08:29:00,47.15,Ride fare,Lyft,Transportation
TX0437,2024-09-23,22:48:00,433.22,Doctor appointment fee,Walgreens,Healthcare
TX0438,2024-10-30,18:38:00,14.79,Lunch meal,Dunkin,Food & Beverage
TX0439,2025-01-13,18:32:00,84.99,Streaming subscription,Spotify,Entertainment
TX0440,2024-05-13,20:27:00,30.29,Streaming subscription,Netflix,Entertainment
TX0441,2024-06-16,22:26:00,79.29,Internet bill,Mobile Carrier,Bills
TX0442,2025-03-26,22:43:00,23.69,Bus ticket,Local Transit,Transportation
TX0443,2024-12-12,18:12:00,82.71,Concert tickets,Spotify,Entertainment
TX0444,2024-07-18,08:47:00,25.85,Ride fare,Uber,Transportation
TX0445,2025-02-12,15:39:00,304.86,Doctor appointment fee,Walgreens,Healthcare
TX0446,2024-04-26,12:28:00,496.11,Doctor appointment fee,Walgreens,Healthcare
TX0447,2025-02-22,22:33:00,53.28,Bus ticket,Local Transit,Transportation
TX0448,2024-04-14,20:44:00,41.64,Bus ticket,Uber,Transportation
TX0449,2025-02-13,22:52:00,34.25,Bus ticket,Uber,Transportation
TX0450,2024-07-02,15:43:00,887.56,Doctor appointment fee,Walgreens,Healthcare
TX0451,2025-03-01,08:07:00,68.3,Doctor appointment fee,Walgreens,Healthcare
TX0452,2024-07-28,15:42:00,44.52,Bus ticket,Uber,Transportation
TX0453,2024-09-20,15:50:00,135.21,Monthly bill payment,Local Utility,Bills
TX0454,2025-01-07,20:56:00,67.7,Concert tickets,Spotify,Entertainment
TX0455,2025-01-28,08:04:00,61.75,Concert tickets,Spotify,Entertainment
TX0456,2024-04-04,15:59:00,149.71,Internet bill,Mobile Carrier,Bills
TX0457,2024-04-03,22:44:00,7.46,Dinner at restaurant,Dunkin,Food & Beverage
TX0458,2024-12-03,12:17:00,195.11,Supermarket shopping,Walmart,Groceries
TX0459,2024-07-27,22:27:00,649.85,Pharmacy purchase,CVS Pharmacy,Healthcare
TX0460,2025-01-02,18:31:00,143.42,Bulk food items,Costco,Groceries
TX0461,2024-08-16,18:11:00,14.71,Dinner at restaurant,Dunkin,Food & Beverage
TX0462,2024-05-03,20:05:00,71.02,Streaming subscription,AMC Theatres,Entertainment
TX0463,2024-07-04,20:23:00,27.57,Lunch meal,Dunkin,Food & Beverage
TX0464,2024-05-29,18:48:00,285.27,Internet bill,Internet Provider,Bills
TX0465,2024-12-02,18:41:00,167.64,Bulk food items,Costco,Groceries
TX0466,2024-10-19,18:19:00,95.67,Pharmacy purchase,CVS Pharmacy,Healthcare
TX0467,2025-01-23,20:48:00,47.61,Concert tickets,Spotify,Entertainment
TX0468,2025-03-15,18:23:00,42.26,Ride fare,Uber,Transportation
TX0469,2025-02-26,20:45:00,247.0,Internet bill,Mobile Carrier,Bills
TX0470,2024-11-02,12:49:00,212.68,Electricity bill,Local Utility,Bills
TX0471,2024-10-05,08:50:00,19.79,Streaming subscription,AMC Theatres,Entertainment
TX0472,2025-01-13,20:18:00,134.37,Pharmacy purchase,Walgreens,Healthcare
TX0473,2025-03-11,12:02:00,89.24,Bulk food items,Walmart,Groceries
TX0474,2024-06-18,20:42:00,93.41,Movie tickets,Spotify,Entertainment
TX0475,2024-05-12,15:24:00,42.58,Taxi service,Lyft,Transportation
TX0476,2024-04-14,20:34:00,95.16,Supermarket shopping,Walmart,Groceries
TX0477,2025-02-09,12:54:00,11.87,Lunch meal,Starbucks,Food & Beverage
TX0478,2024-05-09,18:36:00,461.27,Doctor appointment fee,CVS Pharmacy,Healthcare
TX0479,2025-02-24,15:43:00,216.18,Internet bill,Internet Provider,Bills
TX0480,2025-02-20,18:38:00,64.1,Movie tickets,AMC Theatres,Entertainment
TX0481,2024-07-16,18:29:00,28.55,Bus ticket,Lyft,Transportation
TX0482,2024-08-30,08:02:00,282.3,Monthly bill payment,Internet Provider,Bills
TX0483,2024-11-23,20:53:00,77.32,Health supplement,Local Clinic,Healthcare
TX0484,2024-08-14,12:33:00,34.48,Ride fare,Local Transit,Transportation
TX0485,2024-04-11,22:09:00,261.87,Internet bill,Internet Provider,Bills
TX0486,2024-12-02,20:32:00,14.19,Lunch meal,Subway,Food & Beverage
TX0487,2024-11-23,18:19:00,205.26,Internet bill,Mobile Carrier,Bills
TX0488,2024-12-30,18:05:00,43.18,Taxi service,Uber,Transportation
TX0489,2025-02-23,18:43:00,49.7,Streaming subscription,AMC Theatres,Entertainment
TX0490,2024-08-04,20:42:00,47.21,Ride fare,Local Transit,Transportation
TX0491,2024-04-23,20:39:00,6.73,Lunch meal,Starbucks,Food & Beverage
TX0492,2024-07-23,08:25:00,300.65,Health supplement,Walgreens,Healthcare
TX0493,2024-10-20,20:09:00,493.3,Health supplement,Local Clinic,Healthcare
TX0494,2025-01-03,18:25:00,75.43,Doctor appointment fee,CVS Pharmacy,Healthcare
TX0495,2025-03-19,18:23:00,259.73,Health supplement,Local Clinic,Healthcare
TX0496,2024-12-01,20:54:00,41.58,Lunch meal,McDonalds,Food & Beverage
TX0497,2024-09-24,22:48:00,126.78,Grocery store purchase,Walmart,Groceries
TX0498,2024-11-03,20:06:00,158.66,Bulk food items,Costco,Groceries
TX0499,2024-05-26,20:00:00,16.47,Coffee purchase,McDonalds,Food & Beverage
TX0500,2024-04-02,15:48:00,106.74,Internet bill,Mobile Carrier,Bills
TX0501,2024-12-12,20:59:00,179.38,Grocery store purchase,Target,Groceries
TX0502,2025-03-10,20:50:00,159.38,Supermarket shopping,Walmart,Groceries
TX0503,2024-05-22,12:44:00,71.92,Monthly bill payment,Internet Provider,Bills
TX0504,2024-08-18,22:48:00,97.2,Movie tickets,AMC Theatres,Entertainment
TX0505,2024-04-06,22:49:00,19.76,Movie tickets,Netflix,Entertainment
TX0506,2024-07-03,08:59:00,29.23,Coffee purchase,Starbucks,Food & Beverage
TX0507,2025-03-05,12:56:00,10.87,Ride fare,Uber,Transportation
TX0508,2024-04-26,18:49:00,23.35,Dinner at restaurant,Dunkin,Food & Beverage
TX0509,2024-05-17,22:25:00,263.74,Electricity bill,Local Utility,Bills
TX0510,2025-02-10,20:59:00,27.24,Coffee purchase,Starbucks,Food & Beverage
TX0511,2024-05-07,20:54:00,20.51,Lunch meal,Starbucks,Food & Beverage
TX0512,2024-10-25,12:18:00,175.85,Pharmacy purchase,CVS Pharmacy,Healthcare
TX0513,2024-08-04,20:36:00,418.08,Doctor appointment fee,Walgreens,Healthcare
TX0514,2024-10-07,12:13:00,442.24,Health supplement,CVS Pharmacy,Healthcare
TX0515,2024-06-21,20:32:00,42.67,Bus ticket,Lyft,Transportation
TX0516,2025-03-06,15:00:00,10.46,Movie tickets,Spotify,Entertainment
TX0517,2024-10-07,18:58:00,195.74,Supermarket shopping,Costco,Groceries
TX0518,2025-02-04,12:27:00,5.72,Dinner at restaurant,Subway,Food & Beverage
TX0519,2024-10-27,20:35:00,660.23,Doctor appointment fee,Walgreens,Healthcare
TX0520,2024-08-04,15:04:00,49.44,Concert tickets,Netflix,Entertainment
TX0521,2024-10-03,18:34:00,16.78,Coffee purchase,Subway,Food & Beverage
TX0522,2024-10-01,20:40:00,97.64,Bulk food items,Costco,Groceries
TX0523,2024-12-03,20:24:00,312.97,Pharmacy purchase,Walgreens,Healthcare
TX0524,2025-02-17,08:07:00,96.45,Concert tickets,AMC Theatres,Entertainment
TX0525,2024-04-01,20:44:00,486.09,Doctor appointment fee,CVS Pharmacy,Healthcare
TX0526,2025-03-01,20:24:00,22.95,Dinner at restaurant,Dunkin,Food & Beverage
TX0527,2024-05-17,20:43:00,178.45,Internet bill,Internet Provider,Bills
TX0528,2025-03-01,18:06:00,325.62,Doctor appointment fee,Walgreens,Healthcare
TX0529,2024-11-12,22:06:00,29.36,Ride fare,Local Transit,Transportation
TX0530,2024-11-16,08:51:00,50.18,Concert tickets,AMC Theatres,Entertainment
TX0531,2024-12-11,18:09:00,21.72,Dinner at restaurant,Dunkin,Food & Beverage
TX0532,2025-01-18,12:01:00,12.12,Dinner at restaurant,Starbucks,Food & Beverage
TX0533,2024-08-02,18:26:00,197.42,Health supplement,Walgreens,Healthcare
TX0534,2024-07-13,20:28:00,35.26,Dinner at restaurant,Dunkin,Food & Beverage
TX0535,2024-04-09,18:04:00,49.89,Ride fare,Uber,Transportation
TX0536,2024-12-10,12:25:00,110.68,Bulk food items,Walmart,Groceries
TX0537,2024-05-17,18:33:00,15.57,Dinner at restaurant,McDonalds,Food & Beverage
TX0538,2025-01-27,08:49:00,173.86,Pharmacy purchase,CVS Pharmacy,Healthcare
TX0539,2024-10-09,08:42:00,31.56,Streaming subscription,Spotify,Entertainment
TX0540,2024-05-13,20:11:00,25.26,Concert tickets,Netflix,Entertainment
TX0541,2024-07-22,18:29:00,382.43,Pharmacy purchase,Local Clinic,Healthcare
TX0542,2024-06-24,20:49:00,280.21,Internet bill,Local Utility,Bills
TX0543,2024-07-14,18:50:00,251.63,Internet bill,Mobile Carrier,Bills
TX0544,2024-11-17,22:40:00,389.4,Electricity bill,Mobile Carrier,Bills
TX0545,2024-11-17,18:16:00,67.76,Bus ticket,Local Transit,Transportation
TX0546,2024-04-13,22:10:00,305.32,Internet bill,Internet Provider,Bills
TX0547,2024-06-22,18:02:00,43.32,Ride fare,Lyft,Transportation
TX0548,2025-01-13,15:22:00,12.0,Dinner at restaurant,Subway,Food & Beverage
TX0549,2024-04-18,20:17:00,107.83,Supermarket shopping,Costco,Groceries
TX0550,2024-09-28,15:53:00,192.15,Pharmacy purchase,CVS Pharmacy,Healthcare
TX0551,2024-05-17,15:45:00,14.78,Ride fare,Uber,Transportation
TX0552,2025-02-16,08:14:00,220.53,Bulk food items,Target,Groceries
TX0553,2024-12-31,12:33:00,25.14,Coffee purchase,Subway,Food & Beverage
TX0554,2024-08-31,20:24:00,12.33,Movie tickets,AMC Theatres,Entertainment
TX0555,2024-09-21,08:24:00,141.92,Internet bill,Mobile Carrier,Bills
TX0556,2024-05-16,20:00:00,284.09,Monthly bill payment,Local Utility,Bills
TX0557,2024-10-20,20:39:00,251.19,Electricity bill,Internet Provider,Bills
TX0558,2024-06-21,12:52:00,212.44,Internet bill,Mobile Carrier,Bills
TX0559,2024-07-17,12:22:00,15.64,Ride fare,Local Transit,Transportation
TX0560,2024-07-30,20:13:00,103.31,Electricity bill,Local Utility,Bills
TX0561,2025-03-13,22:56:00,135.82,Doctor appointment fee,CVS Pharmacy,Healthcare
TX0562,2024-08-31,15:57:00,33.99,Coffee purchase,Subway,Food & Beverage
TX0563,2024-07-31,22:01:00,6.45,Lunch meal,Dunkin,Food & Beverage
TX0564,2024-05-24,20:02:00,51.82,Supermarket shopping,Costco,Groceries
TX0565,2024-09-26,12:12:00,19.4,Bus ticket,Local Transit,Transportation
TX0566,2024-10-06,08:56:00,20.42,Coffee purchase,Subway,Food & Beverage
TX0567,2024-07-26,08:36:00,48.7,Bus ticket,Lyft,Transportation
TX0568,2024-11-10,20:34:00,32.3,Coffee purchase,Subway,Food & Beverage
TX0569,2024-08-23,20:17:00,31.29,Taxi service,Uber,Transportation
TX0570,2024-04-29,20:39:00,39.39,Streaming subscription,Spotify,Entertainment
TX0571,2025-01-30,15:46:00,80.91,Doctor appointment fee,Walgreens,Healthcare
TX0572,2024-07-31,18:44:00,24.8,Coffee purchase,Starbucks,Food & Beverage
TX0573,2024-10-06,20:45:00,104.56,Monthly bill payment,Internet Provider,Bills
TX0574,2025-01-03,20:36:00,28.03,Streaming subscription,Netflix,Entertainment
TX0575,2024-07-31,20:54:00,18.91,Taxi service,Local Transit,Transportation
TX0576,2024-08-20,12:19:00,186.46,Bulk food items,Walmart,Groceries
TX0577,2025-01-25,22:42:00,42.46,Bus ticket,Lyft,Transportation
TX0578,2024-09-27,12:31:00,36.18,Streaming subscription,AMC Theatres,Entertainment
TX0579,2025-02-11,15:30:00,188.97,Grocery store purchase,Walmart,Groceries
TX0580,2025-02-19,08:37:00,228.57,Internet bill,Mobile Carrier,Bills
TX0581,2025-01-10,20:01:00,34.06,Bulk food items,Walmart,Groceries
TX0582,2025-01-16,22:39:00,14.12,Bus ticket,Local Transit,Transportation
TX0583,2025-01-10,20:52:00,93.38,Bulk food items,Walmart,Groceries
TX0584,2024-04-02,12:12:00,143.87,Grocery store purchase,Costco,Groceries
TX0585,2024-06-16,18:20:00,26.11,Coffee purchase,Dunkin,Food & Beverage
TX0586,2024-09-27,08:21:00,60.58,Concert tickets,AMC Theatres,Entertainment
TX0587,2024-06-13,20:09:00,53.41,Internet bill,Internet Provider,Bills
TX0588,2024-04-13,20:20:00,609.97,Health supplement,Local Clinic,Healthcare
TX0589,2024-10-19,22:09:00,16.3,Dinner at restaurant,Starbucks,Food & Beverage
TX0590,2024-08-19,22:59:00,68.25,Monthly bill payment,Local Utility,Bills
TX0591,2025-03-01,20:49:00,181.69,Bulk food items,Costco,Groceries
TX0592,2024-04-14,15:06:00,11.8,Dinner at restaurant,Dunkin,Food & Beverage
TX0593,2024-12-30,08:54:00,34.81,Supermarket shopping,Costco,Groceries
TX0594,2024-08-08,20:07:00,89.34,Movie tickets,AMC Theatres,Entertainment
TX0595,2024-12-04,12:26:00,231.79,Health supplement,CVS Pharmacy,Healthcare
TX0596,2024-08-01,20:23:00,81.55,Health supplement,Local Clinic,Healthcare
TX0597,2024-06-19,20:24:00,157.98,Grocery store purchase,Walmart,Groceries
TX0598,2024-06-24,20:17:00,345.76,Doctor appointment fee,Walgreens,Healthcare
TX0599,2024-11-19,15:26:00,443.03,Pharmacy purchase,Walgreens,Healthcare
TX0600,2024-11-17,08:53:00,86.97,Streaming subscription,Netflix,Entertainment
TX0601,2024-11-06,18:43:00,23.72,Dinner at restaurant,Subway,Food & Beverage
TX0602,2024-12-09,20:39:00,195.27,Monthly bill payment,Internet Provider,Bills
TX0603,2024-07-30,18:49:00,6.75,Coffee purchase,McDonalds,Food & Beverage
TX0604,2024-10-09,22:24:00,180.99,Health supplement,Walgreens,Healthcare
TX0605,2025-03-26,18:31:00,122.98,Doctor appointment fee,CVS Pharmacy,Healthcare
TX0606,2025-03-17,12:01:00,20.24,Concert tickets,AMC Theatres,Entertainment
TX0607,2024-04-14,18:28:00,98.68,Bulk food items,Walmart,Groceries
TX0608,2024-07-12,08:39:00,5.3,Dinner at restaurant,Dunkin,Food & Beverage
TX0609,2025-02-14,20:28:00,47.61,Taxi service,Lyft,Transportation
TX0610,2024-10-22,20:25:00,19.14,Dinner at restaurant,McDonalds,Food & Beverage
TX0611,2024-12-19,15:54:00,21.5,Taxi service,Uber,Transportation
TX0612,2024-04-14,15:54:00,106.75,Streaming subscription,Spotify,Entertainment
TX0613,2024-05-17,18:26:00,46.54,Supermarket shopping,Costco,Groceries
TX0614,2025-01-25,12:40:00,7.35,Coffee purchase,Dunkin,Food & Beverage
TX0615,2024-06-07,18:13:00,73.34,Concert tickets,AMC Theatres,Entertainment
TX0616,2025-02-20,20:16:00,141.85,Doctor appointment fee,Local Clinic,Healthcare
TX0617,2025-02-05,08:54:00,6.99,Bus ticket,Uber,Transportation
TX0618,2025-02-01,18:56:00,648.55,Health supplement,Walgreens,Healthcare
TX0619,2024-06-18,15:09:00,71.02,Grocery store purchase,Walmart,Groceries
TX0620,2025-01-28,15:38:00,23.74,Taxi service,Local Transit,Transportation
TX0621,2025-02-19,08:48:00,69.35,Movie tickets,Spotify,Entertainment
TX0622,2025-01-20,08:37:00,86.52,Streaming subscription,Netflix,Entertainment
TX0623,2024-06-06,20:44:00,32.51,Ride fare,Lyft,Transportation
TX0624,2025-02-04,20:03:00,16.95,Lunch meal,McDonalds,Food & Beverage
TX0625,2024-06-28,20:42:00,410.08,Electricity bill,Internet Provider,Bills
TX0626,2025-03-03,18:35:00,55.49,Concert tickets,Netflix,Entertainment
TX0627,2024-06-16,08:17:00,319.06,Monthly bill payment,Internet Provider,Bills
TX0628,2024-07-18,18:24:00,191.59,Electricity bill,Local Utility,Bills
TX0629,2024-11-16,08:07:00,35.3,Ride fare,Uber,Transportation
TX0630,2024-06-22,20:54:00,7.39,Lunch meal,Starbucks,Food & Beverage
TX0631,2024-10-21,20:13:00,9.13,Coffee purchase,Dunkin,Food & Beverage
TX0632,2024-09-12,22:04:00,220.51,Doctor appointment fee,CVS Pharmacy,Healthcare
TX0633,2024-05-29,20:00:00,464.78,Pharmacy purchase,CVS Pharmacy,Healthcare
TX0634,2025-01-22,12:32:00,123.2,Internet bill,Local Utility,Bills
TX0635,2024-08-14,18:25:00,480.19,Pharmacy purchase,CVS Pharmacy,Healthcare
TX0636,2024-10-17,18:20:00,226.76,Internet bill,Local Utility,Bills
TX0637,2024-10-26,15:03:00,116.18,Internet bill,Local Utility,Bills
TX0638,2025-01-27,18:57:00,64.28,Movie tickets,AMC Theatres,Entertainment
TX0639,2024-05-15,20:27:00,28.77,Bus ticket,Lyft,Transportation
TX0640,2024-06-30,18:40:00,96.46,Concert tickets,Netflix,Entertainment
TX0641,2024-06-21,20:21:00,13.67,Coffee purchase,Subway,Food & Beverage
TX0642,2024-10-21,22:32:00,47.26,Grocery store purchase,Walmart,Groceries
TX0643,2024-09-03,15:00:00,197.17,Bulk food items,Target,Groceries
TX0644,2024-07-01,20:08:00,15.99,Lunch meal,McDonalds,Food & Beverage
TX0645,2024-06-07,20:08:00,64.5,Bulk food items,Costco,Groceries
TX0646,2025-01-15,18:36:00,483.19,Health supplement,Local Clinic,Healthcare
TX0647,2024-12-18,20:47:00,172.33,Doctor appointment fee,Local Clinic,Healthcare
TX0648,2024-11-19,22:04:00,11.47,Dinner at restaurant,Dunkin,Food & Beverage
TX0649,2024-06-08,20:29:00,146.1,Electricity bill,Local Utility,Bills
TX0650,2024-08-09,22:22:00,273.31,Electricity bill,Mobile Carrier,Bills
TX0651,2025-01-30,20:23:00,338.67,Internet bill,Internet Provider,Bills
TX0652,2025-01-03,15:19:00,13.77,Bus ticket,Uber,Transportation
TX0653,2024-12-20,08:26:00,37.0,Grocery store purchase,Walmart,Groceries
TX0654,2025-02-28,20:45:00,19.71,Lunch meal,Dunkin,Food & Beverage
TX0655,2024-07-20,20:51:00,23.71,Ride fare,Local Transit,Transportation
TX0656,2025-02-02,20:32:00,240.52,Grocery store purchase,Target,Groceries
TX0657,2024-08-03,18:00:00,473.13,Doctor appointment fee,Walgreens,Healthcare
TX0658,2024-12-03,18:06:00,23.13,Ride fare,Lyft,Transportation
TX0659,2024-07-11,22:45:00,203.12,Electricity bill,Internet Provider,Bills
TX0660,2024-09-12,08:38:00,295.66,Internet bill,Local Utility,Bills
TX0661,2024-07-24,12:58:00,213.36,Health supplement,Walgreens,Healthcare
TX0662,2025-01-16,15:04:00,196.73,Electricity bill,Local Utility,Bills
TX0663,2024-12-11,12:38:00,97.78,Movie tickets,Netflix,Entertainment
TX0664,2024-04-23,12:55:00,61.06,Monthly bill payment,Internet Provider,Bills
TX0665,2024-12-02,22:58:00,87.21,Grocery store purchase,Costco,Groceries
TX0666,2024-08-17,20:45:00,39.88,Bus ticket,Lyft,Transportation
TX0667,2025-03-30,20:37:00,5.96,Coffee purchase,Subway,Food & Beverage
TX0668,2024-09-10,08:27:00,47.26,Taxi service,Local Transit,Transportation
TX0669,2024-07-16,20:07:00,34.0,Bulk food items,Costco,Groceries
TX0670,2025-02-18,22:30:00,78.37,Electricity bill,Local Utility,Bills
TX0671,2024-10-21,18:36:00,236.34,Electricity bill,Internet Provider,Bills
TX0672,2025-03-29,18:38:00,22.59,Dinner at restaurant,Subway,Food & Beverage
TX0673,2024-09-16,20:21:00,120.39,Grocery store purchase,Costco,Groceries
TX0674,2024-05-25,12:31:00,41.3,Streaming subscription,Netflix,Entertainment
TX0675,2024-07-02,15:04:00,29.59,Lunch meal,Subway,Food & Beverage
TX0676,2025-02-18,20:15:00,17.74,Taxi service,Lyft,Transportation
TX0677,2024-09-27,20:37:00,14.44,Lunch meal,McDonalds,Food & Beverage
TX0678,2025-01-21,20:28:00,164.04,Health supplement,Local Clinic,Healthcare
TX0679,2024-12-17,18:02:00,86.04,Movie tickets,AMC Theatres,Entertainment
TX0680,2024-06-25,20:21:00,118.11,Grocery store purchase,Walmart,Groceries
TX0681,2024-08-19,20:23:00,329.1,Doctor appointment fee,CVS Pharmacy,Healthcare
TX0682,2025-03-19,18:01:00,249.71,Electricity bill,Internet Provider,Bills
TX0683,2025-02-04,22:13:00,13.86,Lunch meal,Dunkin,Food & Beverage
TX0684,2024-08-14,15:45:00,271.18,Monthly bill payment,Mobile Carrier,Bills
TX0685,2024-04-13,20:59:00,168.54,Electricity bill,Local Utility,Bills
TX0686,2025-03-06,08:53:00,21.31,Bus ticket,Uber,Transportation
TX0687,2025-03-15,12:20:00,51.58,Concert tickets,Spotify,Entertainment
TX0688,2024-05-31,20:56:00,56.25,Movie tickets,Spotify,Entertainment
TX0689,2024-09-09,18:35:00,35.09,Ride fare,Uber,Transportation
TX0690,2024-10-23,15:21:00,22.17,Bulk food items,Target,Groceries
TX0691,2024-12-30,20:20:00,81.56,Pharmacy purchase,CVS Pharmacy,Healthcare
TX0692,2025-01-17,18:32:00,80.3,Pharmacy purchase,CVS Pharmacy,Healthcare
TX0693,2025-01-08,18:37:00,22.49,Bus ticket,Uber,Transportation
TX0694,2025-03-27,20:10:00,160.62,Electricity bill,Mobile Carrier,Bills
TX0695,2024-05-08,12:01:00,312.02,Doctor appointment fee,Walgreens,Healthcare
TX0696,2024-09-30,22:25:00,82.56,Grocery store purchase,Target,Groceries
TX0697,2024-09-20,15:38:00,20.03,Bus ticket,Uber,Transportation
TX0698,2024-05-03,18:10:00,23.8,Lunch meal,Dunkin,Food & Beverage
TX0699,2024-11-03,18:33:00,37.45,Taxi service,Lyft,Transportation
TX0700,2024-08-05,20:48:00,137.99,Supermarket shopping,Costco,Groceries
TX0701,2024-10-31,12:47:00,310.23,Doctor appointment fee,CVS Pharmacy,Healthcare
TX0702,2025-03-04,20:56:00,26.67,Lunch meal,Dunkin,Food & Beverage
TX0703,2024-05-25,08:35:00,43.16,Concert tickets,Spotify,Entertainment
TX0704,2024-05-31,15:41:00,9.21,Lunch meal,Dunkin,Food & Beverage
TX0705,2024-06-19,22:38:00,343.84,Doctor appointment fee,CVS Pharmacy,Healthcare
TX0706,2024-06-03,15:20:00,121.82,Electricity bill,Mobile Carrier,Bills
TX0707,2024-09-19,08:23:00,225.88,Monthly bill payment,Local Utility,Bills
TX0708,2024-07-11,18:49:00,116.76,Electricity bill,Internet Provider,Bills
TX0709,2025-01-03,15:41:00,67.25,Streaming subscription,AMC Theatres,Entertainment
TX0710,2025-02-08,15:08:00,333.33,Electricity bill,Mobile Carrier,Bills
TX0711,2025-01-22,20:14:00,10.24,Dinner at restaurant,Starbucks,Food & Beverage
TX0712,2024-12-16,20:16:00,28.45,Concert tickets,Spotify,Entertainment
TX0713,2024-12-31,12:17:00,249.87,Health supplement,Local Clinic,Healthcare
TX0714,2024-10-28,15:57:00,173.83,Bulk food items,Walmart,Groceries
TX0715,2024-08-27,20:12:00,8.62,Dinner at restaurant,Dunkin,Food & Beverage
TX0716,2024-05-02,20:47:00,78.38,Streaming subscription,Netflix,Entertainment
TX0717,2025-02-05,22:21:00,36.22,Concert tickets,Spotify,Entertainment
TX0718,2024-12-13,20:00:00,487.68,Pharmacy purchase,CVS Pharmacy,Healthcare
TX0719,2024-05-09,20:54:00,144.73,Internet bill,Internet Provider,Bills
TX0720,2024-08-30,18:41:00,365.38,Health supplement,Walgreens,Healthcare
TX0721,2025-01-10,18:06:00,124.5,Bulk food items,Target,Groceries
TX0722,2024-04-08,18:50:00,49.47,Ride fare,Lyft,Transportation
TX0723,2024-10-24,22:21:00,129.95,Grocery store purchase,Costco,Groceries
TX0724,2024-09-11,22:34:00,50.94,Movie tickets,Netflix,Entertainment
TX0725,2024-08-17,20:09:00,342.43,Internet bill,Internet Provider,Bills
TX0726,2025-01-22,20:48:00,200.61,Doctor appointment fee,CVS Pharmacy,Healthcare
TX0727,2024-12-12,15:35:00,12.83,Dinner at restaurant,Subway,Food & Beverage
TX0728,2024-11-14,15:40:00,453.73,Pharmacy purchase,Local Clinic,Healthcare
TX0729,2025-02-09,20:42:00,37.11,Bus ticket,Local Transit,Transportation
TX0730,2024-07-07,12:22:00,56.45,Grocery store purchase,Costco,Groceries
TX0731,2025-01-08,22:04:00,27.14,Coffee purchase,McDonalds,Food & Beverage
TX0732,2024-09-25,12:40:00,40.44,Streaming subscription,Netflix,Entertainment
TX0733,2024-05-29,18:30:00,100.72,Bulk food items,Walmart,Groceries
TX0734,2024-06-18,18:45:00,281.65,Electricity bill,Internet Provider,Bills
TX0735,2024-07-07,08:54:00,80.65,Streaming subscription,Spotify,Entertainment
TX0736,2025-03-17,22:40:00,55.7,Internet bill,Mobile Carrier,Bills
TX0737,2025-01-28,22:33:00,50.28,Movie tickets,Netflix,Entertainment
TX0738,2025-01-29,18:24:00,5.79,Ride fare,Lyft,Transportation
TX0739,2025-01-01,12:51:00,17.19,Taxi service,Local Transit,Transportation
TX0740,2024-08-17,12:02:00,49.52,Bus ticket,Uber,Transportation
TX0741,2024-05-23,12:23:00,86.98,Internet bill,Local Utility,Bills
TX0742,2024-08-07,18:57:00,12.5,Dinner at restaurant,Subway,Food & Beverage
TX0743,2025-01-10,08:27:00,129.59,Bulk food items,Costco,Groceries
TX0744,2024-05-21,20:57:00,19.21,Dinner at restaurant,McDonalds,Food & Beverage
TX0745,2024-11-30,18:24:00,264.74,Internet bill,Internet Provider,Bills
TX0746,2024-05-08,08:58:00,75.93,Concert tickets,Spotify,Entertainment
TX0747,2024-04-11,08:47:00,284.28,Electricity bill,Local Utility,Bills
TX0748,2024-10-23,15:02:00,492.93,Doctor appointment fee,Local Clinic,Healthcare
TX0749,2025-01-30,12:46:00,493.35,Health supplement,Local Clinic,Healthcare
TX0750,2024-07-19,15:45:00,271.07,Monthly bill payment,Mobile Carrier,Bills
TX0751,2024-07-20,20:11:00,309.11,Electricity bill,Local Utility,Bills
TX0752,2025-02-03,20:24:00,59.17,Movie tickets,Spotify,Entertainment
TX0753,2024-08-21,08:11:00,31.05,Bus ticket,Uber,Transportation
TX0754,2024-09-04,18:34:00,61.47,Supermarket shopping,Walmart,Groceries
TX0755,2024-07-06,20:13:00,153.72,Doctor appointment fee,Walgreens,Healthcare
TX0756,2024-12-17,15:02:00,40.96,Taxi service,Uber,Transportation
TX0757,2025-01-27,22:45:00,96.96,Movie tickets,AMC Theatres,Entertainment
TX0758,2024-06-11,20:28:00,296.29,Monthly bill payment,Mobile Carrier,Bills
TX0759,2024-05-24,22:36:00,31.44,Bus ticket,Lyft,Transportation
TX0760,2025-03-24,08:54:00,19.52,Ride fare,Local Transit,Transportation
TX0761,2024-04-17,20:43:00,45.32,Streaming subscription,AMC Theatres,Entertainment
TX0762,2024-09-08,12:29:00,110.23,Movie tickets,AMC Theatres,Entertainment
TX0763,2024-07-28,12:17:00,57.53,Taxi service,Lyft,Transportation
TX0764,2024-08-07,08:27:00,210.67,Doctor appointment fee,CVS Pharmacy,Healthcare
TX0765,2025-02-17,08:11:00,89.96,Movie tickets,Netflix,Entertainment
TX0766,2025-02-03,12:03:00,281.5,Internet bill,Internet Provider,Bills
TX0767,2024-08-04,15:25:00,605.08,Pharmacy purchase,Local Clinic,Healthcare
TX0768,2025-02-01,08:43:00,161.93,Internet bill,Mobile Carrier,Bills
TX0769,2025-03-07,22:08:00,77.06,Grocery store purchase,Walmart,Groceries
TX0770,2024-08-12,20:15:00,73.1,Grocery store purchase,Walmart,Groceries
TX0771,2024-10-06,20:23:00,533.09,Pharmacy purchase,Walgreens,Healthcare
TX0772,2024-08-01,15:21:00,219.26,Monthly bill payment,Internet Provider,Bills
TX0773,2024-08-05,18:46:00,139.44,Bulk food items,Walmart,Groceries
TX0774,2024-07-31,18:52:00,25.65,Movie tickets,AMC Theatres,Entertainment
TX0775,2025-01-26,22:29:00,18.94,Concert tickets,AMC Theatres,Entertainment
TX0776,2024-06-26,12:14:00,32.18,Ride fare,Local Transit,Transportation
TX0777,2024-03-30,20:58:00,384.32,Monthly bill payment,Mobile Carrier,Bills
TX0778,2024-05-19,15:19:00,224.04,Internet bill,Mobile Carrier,Bills
TX0779,2024-09-30,18:41:00,44.95,Grocery store purchase,Walmart,Groceries
TX0780,2024-06-30,18:21:00,6.57,Lunch meal,Subway,Food & Beverage
TX0781,2024-07-14,22:32:00,47.89,Grocery store purchase,Walmart,Groceries
TX0782,2025-02-20,18:42:00,88.68,Supermarket shopping,Target,Groceries
TX0783,2024-07-09,20:32:00,44.47,Ride fare,Uber,Transportation
TX0784,2024-11-15,15:45:00,217.25,Internet bill,Internet Provider,Bills
TX0785,2024-05-01,20:07:00,75.29,Monthly bill payment,Internet Provider,Bills
TX0786,2024-05-12,18:43:00,87.93,Monthly bill payment,Mobile Carrier,Bills
TX0787,2024-04-04,18:09:00,96.67,Grocery store purchase,Costco,Groceries
TX0788,2024-10-07,08:49:00,30.01,Concert tickets,Netflix,Entertainment
TX0789,2024-10-11,18:13:00,210.25,Electricity bill,Mobile Carrier,Bills
TX0790,2024-07-11,20:01:00,28.07,Ride fare,Lyft,Transportation
TX0791,2025-02-28,22:53:00,49.07,Streaming subscription,AMC Theatres,Entertainment
TX0792,2024-10-29,08:51:00,298.67,Monthly bill payment,Internet Provider,Bills
TX0793,2024-06-29,12:51:00,20.53,Bus ticket,Local Transit,Transportation
TX0794,2024-04-03,15:51:00,343.58,Pharmacy purchase,Local Clinic,Healthcare
TX0795,2024-06-02,22:45:00,172.58,Monthly bill payment,Local Utility,Bills
TX0796,2024-11-06,12:08:00,283.22,Internet bill,Internet Provider,Bills
TX0797,2024-10-22,08:07:00,68.13,Supermarket shopping,Target,Groceries
TX0798,2024-07-14,12:38:00,18.11,Coffee purchase,Starbucks,Food & Beverage
TX0799,2025-02-25,18:31:00,334.33,Pharmacy purchase,Walgreens,Healthcare
TX0800,2025-02-22,12:05:00,231.54,Supermarket shopping,Target,Groceries
TX0801,2024-06-12,12:01:00,179.14,Bulk food items,Target,Groceries
TX0802,2024-10-20,08:28:00,57.25,Ride fare,Lyft,Transportation
TX0803,2024-09-12,22:11:00,297.51,Monthly bill payment,Mobile Carrier,Bills
TX0804,2024-12-29,20:04:00,87.92,Movie tickets,Spotify,Entertainment
TX0805,2024-07-17,20:52:00,5.81,Bus ticket,Lyft,Transportation
TX0806,2025-03-07,12:02:00,35.26,Ride fare,Local Transit,Transportation
TX0807,2025-01-28,18:03:00,14.86,Coffee purchase,Dunkin,Food & Beverage
TX0808,2024-07-14,18:09:00,208.02,Grocery store purchase,Walmart,Groceries
TX0809,2025-03-03,12:04:00,75.87,Concert tickets,Netflix,Entertainment
TX0810,2025-02-24,20:34:00,74.7,Movie tickets,Spotify,Entertainment
TX0811,2025-03-18,18:17:00,51.98,Movie tickets,Spotify,Entertainment
TX0812,2024-09-20,12:49:00,53.66,Grocery store purchase,Target,Groceries
TX0813,2024-04-13,12:13:00,117.51,Movie tickets,Spotify,Entertainment
TX0814,2024-06-14,15:48:00,7.74,Dinner at restaurant,Starbucks,Food & Beverage
TX0815,2025-01-04,08:38:00,337.55,Electricity bill,Mobile Carrier,Bills
TX0816,2024-11-13,15:35:00,478.26,Pharmacy purchase,CVS Pharmacy,Healthcare
TX0817,2024-11-24,22:16:00,36.0,Dinner at restaurant,Dunkin,Food & Beverage
TX0818,2024-11-10,20:23:00,236.38,Internet bill,Local Utility,Bills
TX0819,2024-10-16,15:57:00,15.66,Dinner at restaurant,Starbucks,Food & Beverage
TX0820,2024-06-13,20:29:00,378.74,Pharmacy purchase,CVS Pharmacy,Healthcare
TX0821,2025-02-09,20:00:00,311.29,Health supplement,Walgreens,Healthcare
TX0822,2024-12-07,20:00:00,448.76,Movie tickets,Netflix,Entertainment
TX0823,2025-02-25,12:01:00,35.21,Movie tickets,AMC Theatres,Entertainment
TX0824,2025-01-07,20:37:00,272.63,Monthly bill payment,Mobile Carrier,Bills
TX0825,2024-12-03,18:06:00,17.34,Taxi service,Local Transit,Transportation
TX0826,2024-06-25,20:16:00,42.42,Taxi service,Local Transit,Transportation
TX0827,2024-11-27,15:53:00,85.64,Movie tickets,Spotify,Entertainment
TX0828,2025-01-02,18:25:00,57.83,Internet bill,Internet Provider,Bills
TX0829,2025-03-18,18:38:00,38.08,Streaming subscription,AMC Theatres,Entertainment
TX0830,2024-07-07,08:07:00,85.21,Monthly bill payment,Internet Provider,Bills
TX0831,2024-08-15,12:54:00,10.06,Ride fare,Local Transit,Transportation
TX0832,2024-12-09,12:56:00,49.62,Bus ticket,Lyft,Transportation
TX0833,2024-04-24,20:00:00,18.71,Taxi service,Uber,Transportation
TX0834,2024-05-04,20:56:00,42.78,Ride fare,Lyft,Transportation
TX0835,2024-10-28,20:56:00,289.59,Health supplement,CVS Pharmacy,Healthcare
TX0836,2024-07-09,12:19:00,12.94,Lunch meal,Subway,Food & Beverage
TX0837,2025-03-12,12:50:00,23.02,Movie tickets,Netflix,Entertainment
TX0838,2025-03-24,22:44:00,29.42,Dinner at restaurant,McDonalds,Food & Beverage
TX0839,2025-03-20,20:08:00,38.49,Movie tickets,Netflix,Entertainment
TX0840,2024-06-24,12:25:00,5.2,Coffee purchase,Starbucks,Food & Beverage
TX0841,2024-09-28,22:14:00,308.2,Monthly bill payment,Local Utility,Bills
TX0842,2024-10-03,12:47:00,28.42,Coffee purchase,Dunkin,Food & Beverage
TX0843,2024-11-25,08:53:00,25.0,Concert tickets,Netflix,Entertainment
TX0844,2024-05-04,18:25:00,16.41,Coffee purchase,McDonalds,Food & Beverage
TX0845,2024-10-23,12:16:00,32.58,Streaming subscription,Netflix,Entertainment
TX0846,2025-02-24,12:44:00,98.95,Movie tickets,Netflix,Entertainment
TX0847,2025-03-14,15:35:00,317.16,Health supplement,CVS Pharmacy,Healthcare
TX0848,2025-03-10,15:30:00,98.59,Internet bill,Mobile Carrier,Bills
TX0849,2024-04-24,20:06:00,177.04,Internet bill,Internet Provider,Bills
TX0850,2025-03-25,15:31:00,38.93,Ride fare,Uber,Transportation
TX0851,2025-01-29,18:24:00,87.68,Electricity bill,Mobile Carrier,Bills
TX0852,2025-03-01,08:00:00,10.92,Bus ticket,Uber,Transportation
TX0853,2024-12-08,15:33:00,14.63,Coffee purchase,Dunkin,Food & Beverage
TX0854,2024-12-10,20:24:00,279.07,Monthly bill payment,Internet Provider,Bills
TX0855,2024-11-04,15:28:00,40.07,Bulk food items,Walmart,Groceries
TX0856,2024-04-30,20:54:00,112.24,Doctor appointment fee,Walgreens,Healthcare
TX0857,2024-12-17,12:56:00,69.3,Concert tickets,AMC Theatres,Entertainment
TX0858,2025-03-16,15:38:00,384.8,Internet bill,Local Utility,Bills
TX0859,2024-11-13,12:16:00,126.42,Health supplement,Local Clinic,Healthcare
TX0860,2024-09-22,20:13:00,78.46,Grocery store purchase,Costco,Groceries
TX0861,2024-05-05,15:36:00,8.78,Lunch meal,Subway,Food & Beverage
TX0862,2025-02-13,20:14:00,87.0,Movie tickets,AMC Theatres,Entertainment
TX0863,2025-03-10,22:43:00,154.87,Doctor appointment fee,Local Clinic,Healthcare
TX0864,2025-03-12,20:30:00,67.38,Concert tickets,Spotify,Entertainment
TX0865,2024-08-11,15:00:00,43.71,Ride fare,Lyft,Transportation
TX0866,2024-12-03,20:20:00,20.81,Coffee purchase,Subway,Food & Beverage
TX0867,2024-09-29,08:35:00,78.49,Monthly bill payment,Local Utility,Bills
TX0868,2024-04-26,22:41:00,36.71,Taxi service,Lyft,Transportation
TX0869,2024-12-26,12:28:00,131.45,Grocery store purchase,Costco,Groceries
TX0870,2024-05-20,18:21:00,84.6,Monthly bill payment,Mobile Carrier,Bills
TX0871,2024-11-19,20:15:00,20.57,Taxi service,Uber,Transportation
TX0872,2024-07-21,18:15:00,57.61,Grocery store purchase,Costco,Groceries
TX0873,2024-11-25,18:13:00,33.74,Taxi service,Uber,Transportation
TX0874,2025-03-08,18:07:00,47.1,Ride fare,Local Transit,Transportation
TX0875,2025-03-12,15:32:00,27.88,Taxi service,Lyft,Transportation
TX0876,2024-07-25,15:12:00,14.41,Dinner at restaurant,Starbucks,Food & Beverage
TX0877,2024-07-02,20:58:00,29.0,Lunch meal,McDonalds,Food & Beverage
TX0878,2025-02-22,18:36:00,15.55,Bus ticket,Uber,Transportation
TX0879,2024-04-08,20:01:00,79.17,Grocery store purchase,Walmart,Groceries
TX0880,2024-12-26,22:18:00,89.67,Health supplement,CVS Pharmacy,Healthcare
TX0881,2025-03-25,15:22:00,28.92,Lunch meal,McDonalds,Food & Beverage
TX0882,2024-07-28,18:43:00,276.31,Internet bill,Mobile Carrier,Bills
TX0883,2024-07-20,15:16:00,38.2,Ride fare,Local Transit,Transportation
TX0884,2024-10-16,20:24:00,382.04,Pharmacy purchase,Local Clinic,Healthcare
TX0885,2025-01-18,18:05:00,269.89,Doctor appointment fee,Walgreens,Healthcare
TX0886,2024-06-04,18:09:00,83.51,Bulk food items,Walmart,Groceries
TX0887,2024-09-23,18:02:00,166.94,Monthly bill payment,Internet Provider,Bills
TX0888,2024-08-21,20:42:00,211.98,Health supplement,Walgreens,Healthcare
TX0889,2024-04-12,12:57:00,240.83,Electricity bill,Mobile Carrier,Bills
TX0890,2024-10-24,22:50:00,10.85,Coffee purchase,Subway,Food & Beverage
TX0891,2024-12-06,15:10:00,50.38,Health supplement,Walgreens,Healthcare
TX0892,2024-04-06,18:51:00,78.93,Taxi service,Local Transit,Transportation
TX0893,2024-08-11,12:16:00,129.26,Concert tickets,AMC Theatres,Entertainment
TX0894,2024-08-20,18:08:00,12.14,Lunch meal,Subway,Food & Beverage
TX0895,2024-09-26,15:46:00,360.47,Doctor appointment fee,CVS Pharmacy,Healthcare
TX0896,2024-05-09,22:07:00,35.23,Concert tickets,AMC Theatres,Entertainment
TX0897,2024-04-22,20:17:00,98.42,Electricity bill,Mobile Carrier,Bills
TX0898,2024-08-01,08:18:00,145.89,Grocery store purchase,Target,Groceries
TX0899,2025-02-08,20:04:00,16.73,Dinner at restaurant,Starbucks,Food & Beverage
TX0900,2024-12-29,20:15:00,6.22,Lunch meal,Subway,Food & Beverage
TX0901,2025-01-04,18:07:00,52.66,Concert tickets,Spotify,Entertainment
TX0902,2024-12-13,15:40:00,34.08,Movie tickets,AMC Theatres,Entertainment
TX0903,2024-09-28,20:43:00,230.22,Electricity bill,Mobile Carrier,Bills
TX0904,2024-11-08,12:53:00,28.36,Taxi service,Local Transit,Transportation
TX0905,2024-10-31,20:13:00,27.98,Concert tickets,AMC Theatres,Entertainment
TX0906,2024-04-18,18:30:00,24.43,Coffee purchase,McDonalds,Food & Beverage
TX0907,2024-07-10,15:54:00,62.09,Streaming subscription,AMC Theatres,Entertainment
TX0908,2025-03-14,18:14:00,190.65,Grocery store purchase,Target,Groceries
TX0909,2024-08-29,18:21:00,171.27,Grocery store purchase,Walmart,Groceries
TX0910,2024-04-07,08:25:00,335.87,Doctor appointment fee,CVS Pharmacy,Healthcare
TX0911,2024-08-06,18:01:00,73.6,Grocery store purchase,Target,Groceries
TX0912,2025-02-21,20:08:00,182.81,Electricity bill,Mobile Carrier,Bills
TX0913,2024-12-07,08:35:00,240.29,Concert tickets,AMC Theatres,Entertainment
TX0914,2024-04-16,18:19:00,112.37,Electricity bill,Mobile Carrier,Bills
TX0915,2024-11-28,22:58:00,5.94,Lunch meal,Dunkin,Food & Beverage
TX0916,2024-10-18,22:59:00,164.18,Monthly bill payment,Mobile Carrier,Bills
TX0917,2025-01-07,20:47:00,33.38,Bus ticket,Local Transit,Transportation
TX0918,2025-03-08,15:20:00,73.73,Movie tickets,Netflix,Entertainment
TX0919,2024-10-06,12:58:00,246.55,Monthly bill payment,Mobile Carrier,Bills
TX0920,2024-12-14,18:22:00,27.59,Supermarket shopping,Costco,Groceries
TX0921,2024-09-01,20:22:00,46.73,Bus ticket,Uber,Transportation
TX0922,2024-12-15,20:36:00,12.64,Coffee purchase,McDonalds,Food & Beverage
TX0923,2025-02-12,20:31:00,18.88,Coffee purchase,Starbucks,Food & Beverage
TX0924,2025-01-01,22:02:00,156.23,Internet bill,Local Utility,Bills
TX0925,2024-11-15,20:01:00,233.74,Pharmacy purchase,Local Clinic,Healthcare
TX0926,2025-03-20,18:12:00,179.14,Supermarket shopping,Walmart,Groceries
TX0927,2024-12-11,22:49:00,37.07,Grocery store purchase,Target,Groceries
TX0928,2025-03-25,12:24:00,194.49,Supermarket shopping,Target,Groceries
TX0929,2025-01-24,15:54:00,10.42,Lunch meal,Dunkin,Food & Beverage
TX0930,2024-06-13,08:16:00,74.3,Streaming subscription,Netflix,Entertainment
TX0931,2024-05-22,18:35:00,13.93,Bus ticket,Local Transit,Transportation
TX0932,2024-09-02,12:22:00,70.68,Movie tickets,Spotify,Entertainment
TX0933,2025-02-05,18:07:00,32.58,Grocery store purchase,Walmart,Groceries
TX0934,2024-05-17,12:19:00,61.2,Electricity bill,Mobile Carrier,Bills
TX0935,2024-05-03,20:50:00,25.45,Coffee purchase,McDonalds,Food & Beverage
TX0936,2024-10-05,08:03:00,178.61,Pharmacy purchase,Walgreens,Healthcare
TX0937,2024-08-31,20:29:00,396.55,Health supplement,Local Clinic,Healthcare
TX0938,2024-11-12,20:49:00,94.35,Movie tickets,AMC Theatres,Entertainment
TX0939,2024-11-30,20:44:00,18.58,Ride fare,Lyft,Transportation
TX0940,2025-01-02,20:40:00,77.8,Concert tickets,Netflix,Entertainment
TX0941,2024-11-26,12:46:00,10.74,Ride fare,Uber,Transportation
TX0942,2024-11-30,08:33:00,22.54,Taxi service,Lyft,Transportation
TX0943,2025-02-13,18:29:00,163.39,Electricity bill,Local Utility,Bills
TX0944,2024-12-16,08:10:00,17.02,Lunch meal,McDonalds,Food & Beverage
TX0945,2024-04-22,22:57:00,161.81,Electricity bill,Mobile Carrier,Bills
TX0946,2025-03-13,20:08:00,56.54,Pharmacy purchase,CVS Pharmacy,Healthcare
TX0947,2025-02-08,15:33:00,213.34,Pharmacy purchase,CVS Pharmacy,Healthcare
TX0948,2024-06-23,20:12:00,410.71,Electricity bill,Internet Provider,Bills
TX0949,2025-01-10,20:31:00,22.76,Ride fare,Lyft,Transportation
TX0950,2024-08-07,08:49:00,47.85,Ride fare,Lyft,Transportation
TX0951,2024-04-04,15:07:00,129.64,Pharmacy purchase,Local Clinic,Healthcare
TX0952,2024-11-19,18:26:00,75.64,Streaming subscription,Netflix,Entertainment
TX0953,2024-09-04,20:51:00,22.22,Coffee purchase,McDonalds,Food & Beverage
TX0954,2024-05-07,08:56:00,7.53,Coffee purchase,McDonalds,Food & Beverage
TX0955,2024-11-02,15:58:00,258.13,Bulk food items,Costco,Groceries
TX0956,2024-08-19,20:02:00,40.01,Concert tickets,AMC Theatres,Entertainment
TX0957,2025-01-17,20:47:00,28.94,Coffee purchase,Dunkin,Food & Beverage
TX0958,2024-12-05,08:43:00,189.95,Grocery store purchase,Target,Groceries
TX0959,2025-03-28,18:22:00,49.39,Supermarket shopping,Costco,Groceries
TX0960,2024-03-29,08:48:00,59.28,Concert tickets,AMC Theatres,Entertainment
TX0961,2024-11-07,22:48:00,9.51,Coffee purchase,Subway,Food & Beverage
TX0962,2024-08-10,08:44:00,22.34,Lunch meal,Starbucks,Food & Beverage
TX0963,2025-03-09,20:26:00,462.97,Pharmacy purchase,CVS Pharmacy,Healthcare
TX0964,2025-02-02,12:32:00,257.34,Supermarket shopping,Walmart,Groceries
TX0965,2024-08-20,08:38:00,416.41,Health supplement,CVS Pharmacy,Healthcare
TX0966,2024-09-14,08:40:00,18.18,Dinner at restaurant,Dunkin,Food & Beverage
TX0967,2024-06-05,20:45:00,13.34,Taxi service,Uber,Transportation
TX0968,2024-11-20,12:10:00,47.02,Bus ticket,Local Transit,Transportation
TX0969,2024-12-13,22:55:00,78.85,Streaming subscription,AMC Theatres,Entertainment
TX0970,2024-10-27,18:35:00,20.2,Dinner at restaurant,Subway,Food & Beverage
TX0971,2024-12-28,22:48:00,522.85,Health supplement,Local Clinic,Healthcare
TX0972,2025-02-15,22:13:00,194.54,Health supplement,Local Clinic,Healthcare
TX0973,2024-10-29,20:35:00,64.27,Streaming subscription,AMC Theatres,Entertainment
TX0974,2025-01-06,20:36:00,21.09,Taxi service,Lyft,Transportation
TX0975,2025-03-22,15:29:00,713.56,Doctor appointment fee,CVS Pharmacy,Healthcare
TX0976,2025-02-28,12:32:00,62.68,Doctor appointment fee,CVS Pharmacy,Healthcare
TX0977,2024-06-25,12:14:00,7.39,Ride fare,Uber,Transportation
TX0978,2025-03-05,18:35:00,225.86,Monthly bill payment,Internet Provider,Bills
TX0979,2024-12-16,12:52:00,8.37,Taxi service,Uber,Transportation
TX0980,2025-02-15,08:00:00,283.55,Electricity bill,Local Utility,Bills
TX0981,2024-09-20,18:30:00,198.29,Supermarket shopping,Costco,Groceries
TX0982,2024-06-01,08:36:00,26.9,Dinner at restaurant,Subway,Food & Beverage
TX0983,2025-02-22,20:36:00,7.7,Lunch meal,Dunkin,Food & Beverage
TX0984,2024-06-18,18:27:00,27.72,Lunch meal,McDonalds,Food & Beverage
TX0985,2024-07-28,18:52:00,580.18,Health supplement,Walgreens,Healthcare
TX0986,2024-06-22,18:41:00,10.78,Lunch meal,Dunkin,Food & Beverage
TX0987,2025-02-21,15:21:00,46.96,Movie tickets,Spotify,Entertainment
TX0988,2024-05-03,15:16:00,80.59,Concert tickets,Netflix,Entertainment
TX0989,2024-11-08,20:53:00,65.41,Concert tickets,Netflix,Entertainment
TX0990,2024-07-29,20:52:00,40.17,Bulk food items,Walmart,Groceries
TX0991,2024-07-24,15:13:00,56.5,Electricity bill,Local Utility,Bills
TX0992,2024-08-25,18:18:00,279.58,Pharmacy purchase,Local Clinic,Healthcare
TX0993,2024-06-19,18:31:00,38.25,Bus ticket,Local Transit,Transportation
TX0994,2024-11-02,12:45:00,97.42,Supermarket shopping,Target,Groceries
TX0995,2025-03-25,12:45:00,52.55,Bulk food items,Walmart,Groceries
TX0996,2024-09-13,18:18:00,30.55,Bus ticket,Lyft,Transportation
TX0997,2024-08-18,08:16:00,96.67,Concert tickets,Spotify,Entertainment
TX0998,2024-04-26,22:42:00,54.7,Supermarket shopping,Walmart,Groceries
TX0999,2024-10-03,18:12:00,102.38,Monthly bill payment,Mobile Carrier,Bills
TX1000,2025-02-24,20:15:00,28.52,Ride fare,Local Transit,Transportation
